post_id,is_viral_true,peak_time_true,peak_height_true,decay_rate_true,peak_time_fit,peak_height_fit,decay_rate_fit,baseline_fit,half_life_hours,fit_converged,total_engagement,viral_rule_based,viral_cluster_based
post_0000,1,7.000763732837336,5879.6194681948045,0.06654114141471161,7.710047929314158,5946.549870149304,0.0010000000000000002,230.82537619262322,693.1471805599451,True,6003.918908506674,1,1
post_0001,1,9.231334305567415,3939.6787504146223,0.028727597225655613,11.557333209118159,4027.4367863193065,0.0010000000000000002,356.83394147229865,693.1471805599451,True,4288.142192421845,1,1
post_0002,1,7.736687234248984,4938.295249899908,0.03996088755267949,9.852050701376191,5047.922773821239,0.0010000000000000002,454.7465928047953,693.1471805599451,True,5360.843980138999,1,1
post_0003,1,7.776378663412431,2887.1203907052904,0.07357686549144737,8.012515326187803,2781.15291202813,0.0010000000000000002,116.72485506445848,693.1471805599451,True,2813.2459665475103,1,0
post_0004,1,2.2667138808899727,12856.734089380478,0.05254219265328629,3.0388903767812874,11060.02168991011,0.0010000000000000002,1385.1998072827037,693.1471805599451,True,12053.322758239041,1,1
post_0005,1,8.087676173262302,2462.8845031874835,0.06566418635175875,8.177391389058275,2349.5869072694727,0.0010000000000000002,93.42738137360259,693.1471805599451,True,2372.414262779086,1,0
post_0006,1,4.70426056545571,2853.320251204389,0.04285775564797417,6.414672892049185,2692.8890098137254,0.0010000000000000002,284.0671754263984,693.1471805599451,True,2889.023700997174,1,0
post_0007,1,8.141529008378576,4901.717721523166,0.040630287500863616,9.016575109224041,4696.591133993856,0.0010000000000000002,182.93641272343797,693.1471805599451,True,4738.942791730259,1,1
post_0008,1,3.6993216067433092,4020.155694015832,0.07635318988597743,4.147413414004167,3486.0304882528158,0.0010000000000000002,354.2135282086957,693.1471805599451,True,3724.6770951674785,1,1
post_0009,1,7.17691638045749,2658.056903216855,0.05426737141721352,12.182427697097468,2695.4086190207695,0.0010000000000000002,541.9929738858647,693.1471805599451,True,3174.00533998625,1,0
post_0010,1,3.116186964226353,6764.371065932775,0.05614834574004897,4.280624438733423,6266.279286330938,0.0010000000000000002,859.467463760689,693.1471805599451,True,6915.578099845202,1,1
post_0011,1,3.602404370485761,2767.2379579193016,0.037195695227924236,4.683690710538388,2479.013512220384,0.0010000000000000002,271.61548795051146,693.1471805599451,True,2673.2889288613537,1,0
post_0012,1,9.173185527099587,3282.6188191552787,0.03682302834182477,10.866221889825091,3449.4762729961985,0.0010000000000000002,180.32348099205214,693.1471805599451,True,3539.1302985421603,1,0
post_0013,1,3.025529441133478,6933.623095128838,0.0753442028011708,4.208748184982408,5930.118963807052,0.0010000000000000002,940.1352259957669,693.1471805599451,True,6671.661607176363,1,1
post_0014,1,2.5908277899338144,1289.0781875658236,0.022968316385123807,3.7528920923296574,1114.285020666311,0.0010000000000000002,237.3660186322311,693.1471805599451,True,1314.9073917174117,1,0
post_0015,1,5.882448729322554,14288.068842946508,0.036949966869245406,6.227250407622983,13766.067864481991,0.0010000000000000002,1096.8889308489947,693.1471805599451,True,14427.871636649284,1,1
post_0016,1,6.034572771130714,2001.370181041717,0.059444548923431206,7.8647608457530005,1968.2060681779737,0.0010000000000000002,208.7750543916429,693.1471805599451,True,2116.612082703864,1,0
post_0017,1,7.96303943752205,2955.889332489761,0.025267355608469377,10.674700635426708,3029.4206798283344,0.0010000000000000002,366.6464945526839,693.1471805599451,True,3324.1054161123784,1,0
post_0018,1,5.223192809529714,6949.048783546303,0.03135113659930257,7.44539393153601,6503.996071786947,0.0010000000000000002,900.863123946993,693.1471805599451,True,7234.889912509816,1,1
post_0019,1,5.908846182151074,3017.043156361725,0.04743187437307224,7.689697539346163,3049.0709299807695,0.0010000000000000002,349.2372740201362,693.1471805599451,True,3308.3478049387704,1,0
post_0020,1,5.511115510906252,5376.8898063988545,0.052539211310777476,7.036981012199808,4950.408228730524,0.0010000000000000002,739.3032193546558,693.1471805599451,True,5543.565813022982,1,1
post_0021,1,2.961054089643338,4418.913479067062,0.02119266083091507,4.358530214414723,4048.9656568746987,0.0010000000000000002,478.18849355491176,693.1471805599451,True,4395.733942014575,1,1
post_0022,1,8.70955229004484,4745.665251115009,0.02556956331076135,10.088677501351945,4342.492592050409,0.0010000000000000002,394.44412162899215,693.1471805599451,True,4626.238242469509,1,1
post_0023,1,6.535417707073381,9557.049293306362,0.07515130262052461,9.893903220448161,10206.059004464129,0.0010000000000000002,1187.9335130205925,693.1471805599451,True,11108.128159115402,1,1
post_0024,1,2.2997958362154964,3371.9918104603344,0.05188933075838793,2.866414257478569,2475.6282079948,0.0010000000000000002,495.1611705278131,693.1471805599451,True,2884.1929352666266,1,0
post_0025,1,7.964817336431375,5293.82601994353,0.043168611974500226,11.228855357665381,5573.669021067594,0.0010000000000000002,648.2021931604264,693.1471805599451,True,6084.020494948756,1,1
post_0026,1,2.3559277776519947,4014.9811148634967,0.042935098830691215,4.964361811659043,2834.3743796035114,0.0010000000000000002,1174.9596227813413,693.1471805599451,True,3917.577700019282,1,0
post_0027,1,7.209012244172195,6571.654702241413,0.05737439631156167,9.824410495621807,6654.691806197255,0.001000000000000002,717.7042552472244,693.1471805599439,True,7182.0932229679765,1,1
post_0028,1,8.02068619975243,2052.8525689847893,0.041762030019963384,9.52064615886674,2237.081680092165,0.0010000000000000002,118.49208477656053,693.1471805599451,True,2292.872880281881,1,0
post_0029,1,6.579663971909487,8698.688046198418,0.03648718007521963,6.921382177789811,8843.54976293947,0.0010000000000000002,203.77617113131615,693.1471805599451,True,8773.775295841557,1,1
post_0030,1,5.31491789031557,5306.055055929877,0.0656749161895543,4.6018181319829194,5147.798057636534,0.0010000000000000002,7.795489803180398e-08,693.1471805599451,True,4975.396632208188,1,1
post_0031,1,5.774196989520272,8324.768203523983,0.055681429443676225,6.06207023852129,8678.83834858669,0.0010000000000000002,4.3447538069462364e-07,693.1471805599451,True,8397.927582814766,1,1
post_0032,1,7.148017479158661,7827.541270221319,0.06237766950648942,6.772334018511569,8068.416942557376,0.0010000000000000002,62.88765677637507,693.1471805599451,True,7881.146937954824,1,1
post_0033,1,8.884525696190753,1276.3788165348014,0.05784926289714003,11.623790678879441,1413.0809774071438,0.0010000000000000002,121.69091363146364,693.1471805599451,True,1498.58332003935,1,0
post_0034,1,3.7404038081332516,3145.3992632392933,0.04635814590252994,4.724168556561141,2767.1265292076146,0.0010000000000000002,334.2251066100843,693.1471805599451,True,3010.9899646205117,1,0
post_0035,1,8.954178894251019,6674.301269604264,0.07883463216261534,10.925990600055483,6636.746997938549,0.0010000000000000002,630.6500563387384,693.1471805599451,True,7110.851848652629,1,1
post_0036,0,12.827553746738547,56.02278769174384,0.19923984265782507,15.097975797337911,55.79432747715638,0.0010000000000000002,5.537213050498117,693.1471805599451,True,60.11439208472093,0,0
post_0037,0,10.397118071791738,79.52655343569123,0.2309839268514054,10.906902127671929,86.50640958774501,0.0010000000000000005,2.0835400571315645,693.147180559945,True,86.05374225461216,0,0
post_0038,0,1.8316962634068115,19.5525182909234,0.26296306582731444,0.8611123521140165,19.339526560753193,0.0010000000000000002,1.1206566279492238,693.1471805599451,True,19.735046193307127,0,0
post_0039,0,8.408994804842926,75.68028806677638,0.19967904851669138,10.886179375515662,79.92959440731585,0.0010000000000000002,11.27696160565226,693.1471805599451,True,89.30679447687706,0,0
post_0040,0,2.8683159121962416,79.25053340477649,0.18349542659939455,4.298632037545451,62.66198532830133,0.0010000000000000002,15.709525043556859,693.1471805599451,True,76.21097181653117,0,0
post_0041,0,10.555343080519043,92.04842424408625,0.09494543561957643,12.11153239095636,94.9489677606825,0.0010000000000000002,6.173780447473842,693.1471805599451,True,98.83025428822373,0,0
post_0042,0,7.193779131237903,140.19756544495448,0.20789312449108222,10.083125665250645,157.26624927232413,0.0010000000000000002,16.253492178080055,693.1471805599451,True,169.3157303746073,0,0
post_0043,0,7.129131314938666,276.3038266523447,0.28098438530275277,7.483927967418781,291.74629507006887,0.0010000000000000002,5.005857620156671,693.1471805599451,True,287.76171499587707,0,0
post_0044,0,3.3565495451456098,34.22799189095658,0.1506593445521099,3.8373301652592744,37.7006942238066,0.0010000000000000002,2.9161835012418624,693.1471805599451,True,39.30460142242926,0,0
post_0045,0,7.5251143675353065,39.57400001988246,0.1893035359915225,10.637660474805898,40.04749919599033,0.0010000000000000002,7.1010278245570175,693.1471805599451,True,46.12517293349365,0,0
post_0046,0,19.167592782962746,155.73494965522133,0.26813232650520186,22.428474057913366,170.92056288277684,0.0010000000000000002,10.612008808875558,693.1471805599451,True,181.2119387971491,0,0
post_0047,0,3.532746098870465,100.20972259840987,0.23625472463454716,3.192861446697463,80.62754887722114,0.0010000000000000002,10.401562639364673,693.1471805599451,True,88.19326373785935,0,0
post_0048,0,1.1376135151287814,69.73235905320304,0.10676826387759174,1.025191095529887,37.92848753542729,0.0010000000000000002,20.939716415032283,693.1471805599451,True,57.52695495922806,0,0
post_0049,0,6.549458077982377,25.096871108596854,0.17753380175911776,6.844123422062549,24.033493511202796,0.0010000000000000002,1.7741382139780675,693.1471805599451,True,25.05099706295672,0,0
post_0050,0,13.528993638227695,315.75823764801675,0.15430065028213996,15.618432867270052,347.80040018572237,0.0010000000000000002,17.733353759944453,693.1471805599451,True,358.4519973035983,0,0
post_0051,0,18.1110020444546,68.65094915971027,0.3281259520510245,20.38813556333231,76.53029572124778,0.0010000000000000002,6.92116862553195,693.1471805599451,True,82.11515117530291,0,0
post_0052,0,17.68765990699677,333.47183363544104,0.1995757241065217,19.81337059311027,372.92204867520917,0.0010000000000000002,11.895484821071332,693.1471805599451,True,378.8962247835578,0,0
post_0053,0,15.285359385604911,35.57659501942991,0.33686415872218584,17.796677924922196,40.41730268570074,0.0010000000000000002,3.7778840087099748,693.1471805599451,True,43.87007549658574,0,0
post_0054,0,7.4667136493638635,180.0192774793023,0.19142753031689758,8.39267426842616,192.05752247880886,0.0010000000000000074,9.618716844687809,693.1471805599401,True,195.88215838406452,0,0
post_0055,0,5.470010452114321,66.09050460022036,0.11317576409785858,5.675038587699238,67.7326997873792,0.0010000000000000002,5.528974977018455,693.1471805599451,True,71.05255600636639,0,0
post_0056,0,2.3020550413491643,57.18382850726033,0.0807905123980367,2.9909021927173014,44.50929975557796,0.0010000000000000002,11.462918458438383,693.1471805599451,True,54.445429068104,0,0
post_0057,0,6.115527119067023,311.1055449434525,0.3370259803618118,6.917647363169442,311.8936591525402,0.0010000000000000002,9.70075073456282,693.1471805599451,True,312.00129836872446,0,0
post_0058,0,7.709810344978561,137.0304845548431,0.3297371423861138,9.559989849761056,129.54151424784962,0.0010000000000000002,15.255556770458933,693.1471805599451,True,141.23015981423453,0,0
post_0059,0,1.2933275105833983,87.17309688831959,0.16989530065267905,0.9500886535460413,38.876525436727846,0.0010000000000000002,23.16615724584921,693.1471805599451,True,60.60289201873501,0,0
post_0060,0,11.8361459757428,403.07824807653947,0.25787594223121607,11.860573787780236,416.37488567271333,0.0010000000000000002,6.188892104062162,693.1471805599451,True,412.72045071245753,0,0
post_0061,0,3.417767080176915,84.46135988101994,0.3006472037446062,3.921997154025834,84.89320879919171,0.0010000000000000002,2.759751654128043,693.1471805599451,True,84.6969915853912,0,0
post_0062,0,12.597659127245542,15.092993248244285,0.33067649121500303,15.04701937759282,15.238948625259587,0.0010000000000000002,3.8112980770521863,693.1471805599451,True,18.756623570509966,0,0
post_0063,0,14.195079047235756,165.50602188048808,0.14515238063226926,14.564850053420253,179.03718299003032,0.0010000000000000002,1.9495711542157608,693.1471805599451,True,176.5936275902367,0,0
post_0064,0,6.846479707045367,322.4836126577845,0.3424702644189379,8.799672104660598,319.3308821290664,0.0010000000000000002,35.86928854997841,693.1471805599451,True,346.1295314883688,0,0
post_0065,0,2.23291006045912,78.78045944799696,0.31228007906990946,0.6592678315715541,48.67399461214038,0.0010000000000000002,9.885771735092758,693.1471805599451,True,56.74672341722305,0,0
post_0066,0,4.008633228456172,72.18463958540217,0.12820697458064934,6.5066904187867,69.95164047950945,0.0010000000000000002,12.731828769877163,693.1471805599451,True,80.43717098275084,0,0
post_0067,0,5.211852670463763,11.1338316940152,0.3106403285783035,3.6841460619892334,12.663957005071202,0.0010000000000000002,0.8118081204798643,693.1471805599451,True,13.051307629961846,0,0
post_0068,0,5.377060537793902,15.077602423846477,0.23896746764696325,5.915699973778878,14.748170381120373,0.0010000000000000002,5.173065393075912,693.1471805599451,True,19.441067405373545,0,0
post_0069,0,9.88789807770872,161.28662487011624,0.1480384311037442,12.094036822090773,158.87835454285423,0.0010000000000000002,14.43292126550956,693.1471805599451,True,169.4276026096331,0,0
post_0070,0,9.530679855805067,55.46139496170526,0.2631271126253146,11.65541106996945,54.433124730092366,0.0010000000000000002,5.540374969136239,693.1471805599451,True,58.651574357574155,0,0
post_0071,0,2.4008044606800727,127.77348285302516,0.16768340931384246,2.000000468497545,97.6367695286296,0.0010000000000000007,14.70989998520531,693.1471805599448,True,108.7591879954318,0,0
post_0072,0,3.9650621519005007,39.51654624735491,0.16652682320062306,2.547943968976807,38.19297542978772,0.0010000000000000002,0.4522780721709079,693.1471805599451,True,37.291023803112076,0,0
post_0073,0,8.650343688365407,82.02143518898141,0.14473677099881332,10.834653232877212,86.46541636944288,0.0010000000000000002,9.66136554807147,693.1471805599451,True,94.02352295056501,0,0
post_0074,0,11.196247661952057,195.17382270544186,0.173481350675655,13.256697954621828,219.73762493738928,0.0010000000000000002,15.81560913837635,693.1471805599451,True,230.06658324399805,0,0
post_0075,0,15.479753674565101,41.43393457382644,0.2031246040030693,16.79654665679774,43.90458304619477,0.0010000000000000002,4.162046463264903,693.1471805599451,True,47.205259284410644,0,0
post_0076,0,13.55289806272723,390.2621768480858,0.2789595843943386,15.93670070855646,428.96589133399726,0.0010000000000000002,24.167684964953565,693.1471805599451,True,442.708519419677,0,0
post_0077,0,8.891380845328566,43.29975174519897,0.28546846664884307,12.204584909202826,48.37951357641386,0.0010000000000000002,5.0926791055351535,693.1471805599451,True,52.368700757492206,0,0
post_0078,0,19.497896220566645,199.36928408982317,0.2845609232808997,20.945305699252554,226.67165610172492,0.0010000000000000002,8.3132859835254,693.1471805599451,True,231.9557870997781,0,0
post_0079,0,18.435049056388134,96.26303403551395,0.21974245084288618,20.316486713303537,112.0146865673832,0.0010000000000000002,4.826619164720232,693.1471805599451,True,115.30626588418848,0,0
post_0080,0,13.423129702267229,32.742090108729975,0.24076740436565214,15.860643895988753,37.645101272109876,0.0010000000000000002,3.4436631582707333,693.1471805599451,True,40.40221427473638,0,0
post_0081,0,15.691936207473043,35.40440669499497,0.2170170899226634,16.40711490727986,36.47152398612092,0.0010000000000000002,1.8383266358954164,693.1471805599451,True,37.56540892402833,0,0
post_0082,0,13.08118194770747,20.942317422764763,0.21367202381160122,14.650135719041831,24.532050997944445,0.0010000000000000002,0.8426950266854427,693.1471805599451,True,24.81857037869316,0,0
post_0083,0,18.69661506590605,90.42819894648812,0.20261956968111794,19.617092258630745,96.61288904281236,0.0010000000000000002,4.700567244184561,693.1471805599451,True,99.32125023247316,0,0
post_0084,0,11.588814856925346,60.55674239645128,0.27445333913564013,13.250202925482853,62.65754483806257,0.0010000000000000002,3.2893405993076525,693.1471805599451,True,64.5952190085351,0,0
post_0085,0,11.57102582317161,28.815228769806136,0.1813537537188886,13.425619466081482,31.587741438340693,0.0010000000000000002,3.667038844678354,693.1471805599451,True,34.63077646370811,0,0
post_0086,0,18.467757436847222,127.85404215352561,0.3115238789318578,19.310617971129385,131.34514473520633,0.0010000000000000002,5.048982518076595,693.1471805599451,True,133.9296875601045,0,0
post_0087,0,16.497743907603247,179.79547844065107,0.24043469971016646,16.91645773515652,192.8915282230406,0.0010000000000000002,2.5562986971353907,693.1471805599451,True,191.4588496247014,0,0
post_0088,0,19.46347721675729,12.868554357998386,0.2963264299441338,20.138533526212264,11.818211930972305,0.0010000000000000002,2.043859362619517,693.1471805599451,True,13.614951357290343,0,0
post_0089,0,5.115878366726015,29.16654849265528,0.23199637832464387,5.720667696206485,32.88839798452549,0.0010000000000000002,2.976237847820179,693.1471805599451,True,34.8024488162721,0,0
post_0090,0,16.433898497631645,117.55653734559313,0.17094293760107107,19.274512313535517,132.5899115148961,0.0010000000000000002,8.047111615813003,693.1471805599451,True,139.68194068073353,0,0
post_0091,0,14.202866832396964,77.75516665688204,0.29950316269213584,16.14970220547179,81.70664422463783,0.0010000000000000002,6.607572502514659,693.1471805599451,True,87.05415938790574,0,0
post_0092,0,8.365514858988876,67.0956430732624,0.17071082911586852,10.414854456622457,63.51371933110142,0.0010000000000000002,8.13565196379859,693.1471805599451,True,70.18900938866194,0,0
post_0093,0,14.416144483324395,66.97702066466553,0.1485321820581983,17.644551889808962,70.96404731541678,0.0010000000000000002,6.099654628964536,693.1471805599451,True,75.96978805146342,0,0
post_0094,0,17.789135682403113,75.2208674906713,0.13428756656000276,18.875708144213885,85.39375744583606,0.0010000000000000002,1.6493084943996086,693.1471805599451,True,86.50887600733373,0,0
post_0095,0,4.985668807606139,166.7816164287815,0.34599867133697204,4.616748011805557,163.98909519997926,0.0010000000000000002,3.783286342573151,693.1471805599451,True,162.39865762342453,0,0
post_0096,0,4.418412065955629,135.8914532053759,0.1932806865582905,6.253962058237034,117.78834610522966,0.0010000000000000002,21.37949036304832,693.1471805599451,True,135.34960452414333,0,0
post_0097,0,14.00795361148504,94.21290028340788,0.34620896333370965,15.408593000284757,97.36511045114347,0.0010000000000000002,3.9266486151412603,693.1471805599451,True,98.96705571836665,0,0
post_0098,0,18.9803127243895,154.95387057283028,0.12280277424595579,20.01212035935379,163.66028784730906,0.0010000000000000002,7.751781953240851,693.1471805599451,True,168.36410856997682,0,0
post_0099,0,10.114568150011516,106.70592898772671,0.10160166552637523,10.91519682521568,112.97039491538499,0.0010000000000000002,4.302120932527056,693.1471805599451,True,114.45935109536532,0,0
post_0100,0,15.426355913833525,111.59378216286842,0.11568280879327343,16.660182730819145,119.03536654699131,0.0010000000000000002,2.9409552642219556,693.1471805599451,True,119.08304645726123,0,0
post_0101,0,3.1938552249741603,55.90098073775185,0.2839063513536462,2.3444632732429262,50.98746162438407,0.0010000000000000002,2.55098554022758,693.1471805599451,True,51.702268543677675,0,0
post_0102,0,14.336921867879827,157.74023591015992,0.2599493384046501,16.21407174243776,177.81713758933083,0.0010000000000000002,7.971542361667075,693.1471805599451,True,183.0398035549342,0,0
post_0103,0,15.037119303372448,115.26860511457701,0.30498229940816846,16.700824101121473,124.46315035616439,0.0010000000000000002,7.822686494447525,693.1471805599451,True,129.95557732395366,0,0
post_0104,0,13.370477191000845,269.8877191797077,0.30975044161336757,14.239190981039965,275.0647902485682,0.0010000000000000002,9.419667940174367,693.1471805599451,True,277.60824921507236,0,0
post_0105,0,19.148525603308606,275.1943090475817,0.21604630066936414,20.43474921531296,304.71342616927666,0.0010000000000000002,7.3760614976511025,693.1471805599451,True,307.61824664026767,0,0
post_0106,0,12.955168985477494,70.69796652424324,0.25441291115748227,13.910920775565051,80.52106114209361,0.0010000000000000002,2.374936701271417,693.1471805599451,True,80.99306506745808,0,0
post_0107,0,19.520911041673383,144.7859863119665,0.1773397280701336,22.20570885529609,178.87884216337258,0.0010000000000000002,8.10376487986362,693.1471805599451,True,184.74108125993823,0,0
post_0108,0,12.338983917059016,126.75351184456784,0.292844057666675,14.463189075306758,145.00418939853589,0.0010000000000000002,7.772385395504747,693.1471805599451,True,149.80447737347026,0,0
post_0109,0,8.356480604006698,75.07760340149935,0.19464648707142507,9.536594289764649,77.25551830005422,0.0010000000000000002,5.551069688600164,693.1471805599451,True,80.74868543940096,0,0
post_0110,0,4.060292065120037,122.63340222573348,0.2935354759804438,4.399195879364051,119.3278761026827,0.0010000000000000018,6.107066595159711,693.1471805599441,True,121.43463093951857,0,0
post_0111,0,4.75106028503725,67.86097824745774,0.3150703319555924,6.366216799660146,64.44333302717264,0.0010000000000000002,7.959330726804456,693.1471805599451,True,70.3133925053742,0,0
post_0112,0,15.763916830753175,44.06060233522093,0.12047634785706175,18.032638314240696,51.106179930635875,0.0010000000000000002,3.161025790670873,693.1471805599451,True,53.70104614002822,0,0
post_0113,0,1.5642344559315928,19.163456714747795,0.0987913106314331,1.1550499522504927,12.863281878681196,0.0010000000000000002,4.7109305668355095,693.1471805599451,True,17.101460981888,0,0
post_0114,0,16.259832295213222,323.7532162524736,0.2370977407787438,17.27874223422452,342.42785232588346,0.0010000000000000002,9.762214297606208,693.1471805599451,True,345.45600840738484,0,0
post_0115,0,2.3659029826613063,9.100296917965789,0.2641667063685609,1.3478233539705205e-11,9.76999654755364,0.0010000000000043193,0.5478759520406956,693.1471805569514,True,9.942835585587517,0,0
post_0116,0,16.50634519804855,183.86974540685944,0.2250029762257128,17.884782905920698,203.17297858377492,0.0010000000000000002,7.670910832729161,693.1471805599451,True,207.15580297441758,0,0
post_0117,0,9.66550485645541,77.22481538534896,0.2023354414357907,12.924431540735512,86.14453473605045,0.0010000000000000002,11.68598641370826,693.1471805599451,True,96.01428958478422,0,0
post_0118,0,19.061653001559858,8.107405030151199,0.23103951128383177,20.304024120304497,8.98782057657508,0.0010000000000000074,2.2515375236923245,693.1471805599401,True,11.075042362175106,0,0
post_0119,0,6.721297785804019,177.38298202450213,0.2645305110581007,7.636744474835534,169.40422386554496,0.0010000000000000052,14.389248791016271,693.1471805599417,True,178.57053995187187,0,0
post_0120,0,3.027224785699995,78.26686367249583,0.1921942312698593,1.8009338779397506,69.63012285748404,0.0010000000000000002,0.0557653620768587,693.1471805599451,True,67.11905573187818,0,0
post_0121,0,16.10693040968311,227.33754045995306,0.279610820249333,16.6221926460383,247.32136856896685,0.0010000000000000002,6.04379878046072,693.1471805599451,True,247.80280186624046,0,0
post_0122,0,2.691047427648172,63.0651392586644,0.27345315867476194,1.892006685144796,53.99689288437037,0.0010000000000000002,4.9765835147190955,693.1471805599451,True,56.999288517364214,0,0
post_0123,0,1.2982177489668465,36.272882887518215,0.15299047335073035,4.499773462092535e-12,20.45715580137449,0.0010000000000530368,7.464366633280789,693.147180523183,True,27.120754736255734,0,0
post_0124,0,11.011037054186056,60.16775108462125,0.10654931015000223,13.366375032823035,63.30125362877171,0.0010000000000000002,6.548740601369554,693.1471805599451,True,68.53621432131891,0,0
post_0125,0,5.15122003210451,99.5522230354278,0.1312593566790077,6.422398941759584,90.43563429460886,0.0010000000000000002,13.922102413920332,693.1471805599451,True,101.47731276731385,0,0
post_0126,0,4.722832151727574,316.050737148442,0.21116342996795895,6.112373418308862,288.99009321922597,0.0010000000000000002,42.93345346049853,693.1471805599451,True,322.5927603123078,0,0
post_0127,0,18.647937685022384,528.6622918320923,0.1295880365728948,20.123544717901535,583.3500575896846,0.0010000000000000002,14.000602209987765,693.1471805599451,True,586.6561735881276,1,0
post_0128,0,5.786999248307539,61.36995605994994,0.14958790087491575,7.173006621147415,57.77483142652768,0.0010000000000000002,8.75125303773344,693.1471805599451,True,64.76225078163232,0,0
post_0129,0,14.577192054794127,40.11143431666335,0.30408426166154007,15.13704150615064,46.13571912937667,0.0010000000000000002,3.0799408464548366,693.1471805599451,True,48.031715268308965,0,0
post_0130,0,11.727473902509386,519.2438260220497,0.3242645511819033,14.723410521801222,642.36111175022,0.0010000000000000002,40.91144805228738,693.1471805599451,True,672.163535208197,1,0
post_0131,0,18.98074829059636,112.63445437964246,0.30864834586001505,20.521478636878555,125.0498558572375,0.0010000000000000002,4.407693857464325,693.1471805599451,True,127.25032665119392,0,0
post_0132,0,17.20274636027087,126.90138517679361,0.13968010853194096,18.8468332581512,136.29522823733572,0.0010000000000000002,7.685740464836252,693.1471805599451,True,142.09018198169727,0,0
post_0133,0,14.04814558362239,277.64592848176625,0.2000333915572762,16.678292191241884,294.9255811747804,0.0010000000000000002,18.600355988050516,693.1471805599451,True,307.155029925177,0,0
post_0134,0,13.307466884310212,273.2601788385057,0.24720560107121087,14.156511695742804,299.4348594700659,0.0010000000000000002,9.335349120627049,693.1471805599451,True,302.7471035122112,0,0
post_0135,0,2.5595962375682393,139.9341427241498,0.12011696475882974,1.9762379949388311,112.29805080709104,0.0010000000000000002,13.551435672561121,693.1471805599451,True,121.8379167275608,0,0
post_0136,0,9.48225550652415,15.556954237788045,0.11534929295432458,13.494175788743037,15.95044087196376,0.0010000000000000002,4.006610925854543,693.1471805599451,True,19.651004644257746,0,0
post_0137,0,13.48227537141485,52.36643650999149,0.16773274672884925,15.055420662970166,57.615125217923186,0.0010000000000000002,2.2252078679214007,693.1471805599451,True,58.64780383199319,0,0
post_0138,0,19.811385440374156,174.5945738753366,0.1441131902653242,20.945492760347154,199.19346263896114,0.0010000000000000002,4.987552312162551,693.1471805599451,True,200.00929795642529,0,0
post_0139,0,14.966018188999552,241.41132385691992,0.3337491349942326,15.413063952373385,265.2004262411128,0.0010000000000000002,2.2215921242151433,693.1471805599451,True,261.04500008519096,0,0
post_0140,0,5.542010693313206,202.8504986505375,0.20756396499012347,8.322731418453499,194.83020365271514,0.0010000000000000002,34.84420082075957,693.1471805599451,True,223.89091867054105,0,0
post_0141,0,11.950772696280323,83.44213468939253,0.13244899989582565,13.06850978398683,87.03017823401319,0.0010000000000000002,4.933169837686679,693.1471805599451,True,90.43312707319228,0,0
post_0142,0,13.331441606555869,73.36653733225572,0.1531807635643448,15.119472964319256,84.47817376716256,0.0010000000000000002,5.345883433643987,693.1471805599451,True,88.43291687858373,0,0
post_0143,0,1.3059875503524623,129.11071353115696,0.28549701192792587,1.255549594910106,68.28965978728391,0.0010000000000000002,37.161217096858344,693.1471805599451,True,102.91007446368951,0,0
post_0144,0,14.501492516270734,85.38615331910202,0.1264032278726176,18.45706304533423,95.9695338971852,0.0010000000000000002,11.3602527741629,693.1471805599451,True,106.48174967551175,0,0
post_0145,0,12.702279837407152,39.39855156199084,0.2323738817759246,13.021910538024715,42.22222297047286,0.0010000000000000002,0.17721235026993415,693.1471805599451,True,41.31627418678797,0,0
post_0146,0,18.826304047536034,359.7248139819636,0.12677249223523257,20.92146171763165,383.16519994010076,0.0010000000000000002,12.392015950350546,693.1471805599451,True,390.22337894887676,0,0
post_0147,0,2.232940540520633,63.00549787047865,0.16881079395574117,1.6879833389258267,50.08086874831432,0.0010000000000000002,9.463559761427303,693.1471805599451,True,57.71989692663688,0,0
post_0148,0,5.352149007166497,269.2408938908335,0.3383082264331301,7.89362229263785,260.69668542645763,0.0010000000000000002,46.90204663285732,693.1471805599451,True,299.9486594708896,0,0
post_0149,0,8.056673736556112,422.2040623082192,0.25569346271026727,10.188629781243899,429.58497516462097,0.0010000000000000002,45.52867005046577,693.1471805599451,True,463.2004050053664,0,0
post_0150,0,11.00385879883532,142.36840702721224,0.16018556213499718,12.56511660089819,153.34895829261163,0.0010000000000000002,8.934252606212144,693.1471805599451,True,158.2422166687446,0,0
post_0151,0,13.67012542837032,127.18470719551885,0.29385085806166866,15.829867379733749,136.4175119097301,0.0010000000000000002,8.900874429553477,693.1471805599451,True,142.6334340095332,0,0
post_0152,0,3.889762822066681,72.16995682879767,0.34256581720924867,6.417553093215092,67.34305255918179,0.0010000000000000002,15.263455461967924,693.1471805599451,True,80.40493451657338,0,0
post_0153,0,15.849066618712996,71.32236623762385,0.2944384959029188,19.01798946705632,75.03398904982969,0.0010000000000000002,8.391239854901425,693.1471805599451,True,82.56734408808744,0,0
post_0154,0,12.665184150292875,70.26393839337689,0.12198721197254314,13.942504584121478,72.11316965041492,0.0010000000000000002,2.867474642128404,693.1471805599451,True,73.5507762131986,0,0
post_0155,0,6.581452746754742,99.10701728164825,0.14323206480474282,8.421673931665293,95.97681654697769,0.0010000000000000002,7.999625633312065,693.1471805599451,True,101.0101257126242,0,0
post_0156,0,1.3305263841593644,176.25297468806215,0.25808836708398514,3.5494003310791785e-14,57.11695670904957,0.001000000000001274,56.589937422447036,693.1471805590622,True,111.47112810420751,0,0
post_0157,0,15.17832823332343,873.706731107872,0.23764778282139387,16.578105083629595,940.5185801844586,0.0010000000000000002,28.133990976539092,693.1471805599451,True,952.9526587488356,1,0
post_0158,0,3.587288109510416,303.510262953245,0.12534510414381478,3.597392535828395,270.2829257732233,0.0010000000000000002,11.169271630933133,693.1471805599451,True,271.99002693112215,0,0
post_0159,0,15.596823475473254,425.2036581787834,0.2809631536296739,16.957372343107902,460.1201485605291,0.0010000000000000002,14.439388118228992,693.1471805599451,True,464.5338204988689,0,0
post_0160,0,11.554503014778277,40.98437906122343,0.20582324350882875,11.713118125907606,38.17650581081639,0.0010000000000000002,1.6261704087385136,693.1471805599451,True,38.84056626163741,0,0
post_0161,0,5.000594797795687,25.176707481046247,0.32504866176203107,7.045014874698539,24.659508137826286,0.0010000000000000002,4.284764075922068,693.1471805599451,True,28.17349184656249,0,0
post_0162,0,4.915004544363814,219.71115839483846,0.25438877925753633,4.591868454875955,203.44312402301748,0.0010000000000000002,9.098191706334102,693.1471805599451,True,205.67155690113816,0,0
post_0163,0,12.993372594622356,139.89818626224448,0.1552906105623321,13.873435014108844,154.87054446255692,0.0010000000000000002,5.621655437009916,693.1471805599451,True,156.8684406288625,0,0
post_0164,0,16.6036667647926,28.24204612573272,0.3072569101664602,18.479220609973183,30.35383224862624,0.0010000000000000002,2.7181568755893153,693.1471805599451,True,32.63557886745051,0,0
post_0165,0,14.411420387168713,19.28140321456582,0.293974484080731,16.64805696989718,23.103138052238705,0.0010000000000000002,1.9832454837355495,693.1471805599451,True,24.791334187143757,0,0
post_0166,0,5.785538769481146,533.3270231439484,0.34415814757989505,6.880784949979211,525.8667717141899,0.0010000000000000549,39.74213082938026,693.1471805599073,True,549.0024581598758,1,0
post_0167,0,12.547641000247982,119.96267512922465,0.20277720822868672,14.219676015387986,124.11487742059782,0.0010000000000000002,8.774441152002355,693.1471805599451,True,129.88556767171553,0,0
post_0168,0,3.4030478345017925,219.06414792974414,0.19071448112664857,3.4198021995697974,233.90063208991734,0.0010000000000000002,11.4262079621394,693.1471805599451,True,237.14024080208395,0,0
post_0169,0,3.3595909115904288,57.08154341885842,0.22081271790104223,3.656116446726797,48.34919289424276,0.0010000000000000002,7.046748462738725,693.1471805599451,True,53.70554170342689,0,0
post_0170,0,4.454289513477135,83.27546073124074,0.14832051301385185,5.552815829343105,75.33999763070378,0.0010000000000000002,10.711473381786428,693.1471805599451,True,83.55744197459568,0,0
post_0171,0,4.467537834908215,26.320116221406874,0.34763354442763233,3.7303018548152056,24.0069848510319,0.0010000000000000002,1.9382274606206003,693.1471805599451,True,25.107825828146154,0,0
post_0172,0,13.063021698246944,113.13552396928141,0.27472459320163006,13.69120331839818,119.17917573865618,0.0010000000000000002,2.084624838260249,693.1471805599451,True,118.08640103293585,0,0
post_0173,0,1.6553527179019727,95.03131491307681,0.17221452281404503,1.0995540864151105,61.589891292190394,0.0010000000000000002,16.060340045821928,693.1471805599451,True,75.3519887679672,0,0
post_0174,0,8.309668756004072,33.31649722860179,0.18308470536907784,10.19687603791949,34.82114555709142,0.0010000000000000002,2.8231794348531647,693.1471805599451,True,36.78048855191385,0,0
post_0175,0,8.984773210762448,100.25708038678314,0.33534329707004384,11.603201416208442,108.37849529100856,0.0010000000000000002,10.628355396320435,693.1471805599451,True,116.27742511026635,0,0
post_0176,0,3.470506955422607,308.0901567374715,0.194929455430762,2.62444022349244,248.03069924416985,0.0010000000000000002,11.38865759389677,693.1471805599451,True,250.59399758598676,0,0
post_0177,0,18.870854851678125,275.90502787268076,0.23287178215703663,21.306235038819292,298.1985072369057,0.0010000000000000002,16.160595328454853,693.1471805599451,True,309.93598417733597,0,0
post_0178,0,1.2980350853640044,206.12700289818386,0.08999542051810543,0.9335651756483152,117.47485526032312,0.0010000000000000002,46.42650185526467,693.1471805599451,True,159.56029732781943,0,0
post_0179,0,8.719908127948102,128.33025718704513,0.1879094644533121,8.882989980339893,137.18881113636522,0.0010000000000000002,0.809371052400432,693.1471805599451,True,133.94858055318647,0,0
post_0180,0,5.272752978138965,281.88001969080045,0.195236690617301,5.094168547731118,295.60484304573725,0.0010000000000000002,4.2089508357306916e-08,693.1471805599451,True,285.98477126149095,0,0
post_0181,0,14.623349068800756,114.62479168869315,0.34296949097097207,16.8873617530618,123.27449236694318,0.0010000000000000002,7.554880480367755,693.1471805599451,True,128.07465421440426,0,0
post_0182,0,17.673417535923715,24.69649394814579,0.3185675124825509,19.79372126902501,25.949702289271354,0.0010000000000000002,2.191342898048061,693.1471805599451,True,27.864935427471835,0,0
post_0183,0,7.549127363213954,115.66966963565588,0.21804257259279608,9.803332504376279,112.51928299058663,0.0010000000000000002,17.29428511390903,693.1471805599451,True,127.03183169118297,0,0
post_0184,0,8.42361871451941,37.8826723754773,0.20643970459893257,10.826950153681132,41.92440047637461,0.0010000000000000002,6.155863531771889,693.1471805599451,True,47.12181426613927,0,0
post_0185,0,11.27007110569516,209.6351276111665,0.12647223186220483,14.163190041620032,230.53408214953822,0.0010000000000000002,20.738312221866753,693.1471805599451,True,247.6009767420104,0,0
post_0186,0,4.600730483853189,66.9879324217159,0.3483299616839996,5.910782453327695,58.49808444332475,0.0010000000000000035,8.230750371573485,693.1471805599429,True,64.81438450671916,0,0
post_0187,0,3.7701702867707487,58.57425068016658,0.32342163427423737,4.7217744881052175,46.646055200489876,0.0010000000000000002,8.502252223232077,693.1471805599451,True,53.59849658551549,0,0
post_0188,0,14.671695879379014,245.23931424520572,0.20520867019256805,14.993888962865809,252.51282038049789,0.0010000000000000002,1.550789944770468,693.1471805599451,True,247.60577065902953,0,0
post_0189,0,8.710725266251302,149.093615087327,0.14404028469983868,8.368200299046507,152.11210233946787,0.0010000000000000002,3.393630242045357,693.1471805599451,True,150.80551660680104,0,0
post_0190,0,6.589256221610539,25.943889339660892,0.30262283300604687,7.831243691964621,23.983098058288107,0.0010000000000000002,2.650042023922179,693.1471805599451,True,25.910157509721273,0,0
post_0191,0,5.690332847778956,146.82680388933272,0.3094309264872303,6.209003208695855,145.58563037788176,0.0010000000000000083,8.713571809684446,693.1471805599396,True,149.65055621669143,0,0
post_0192,0,16.17852772853865,59.10336447303485,0.25636346723994274,18.89035253446513,68.12737338273585,0.0010000000000000002,7.00080671122884,693.1471805599451,True,74.07300954006969,0,0
post_0193,0,4.419517911302496,257.4071469822771,0.22254019963973143,5.942496364730608,211.7444583838551,0.0010000000000000384,35.11075062895095,693.1471805599186,True,240.0373092076267,0,0
post_0194,0,3.930297133835741,37.90527070398537,0.13093346026223698,4.863035235829908,37.51494545209014,0.0010000000000000002,4.896671408303495,693.1471805599451,True,41.164813474671796,0,0
post_0195,0,12.204667389387314,44.86732806250068,0.255177742236072,15.254191958092091,51.463951996961065,0.0010000000000000002,4.081778694510082,693.1471805599451,True,54.55668514980546,0,0
post_0196,0,8.653900336251754,93.87837158516066,0.2234724261869641,10.91862797435806,93.72326025282167,0.0010000000000000002,12.23858364906254,693.1471805599451,True,103.9507861774287,0,0
post_0197,0,4.219980956913309,131.26799896496917,0.2292322126229765,4.2181354172817835,134.44798376721812,0.0010000000000000002,2.6004423423822105e-13,693.1471805599451,True,129.90063963861084,0,0
post_0198,0,4.295505106632436,177.23299506333126,0.3246166410224316,3.886190313936306,156.49381983952634,0.0010000000000000002,8.150441644257768,693.1471805599451,True,159.33736818062062,0,0
post_0199,0,13.319814810141967,67.27444730346029,0.28047631265665407,15.102301973985314,69.17211694618874,0.0010000000000000002,6.773313716835359,693.1471805599451,True,74.54274360629836,0,0
post_0200,0,9.790173898807819,55.64108243349722,0.27746197870518324,11.832209105007664,58.06641659362578,0.0010000000000000005,4.125291979949654,693.147180559945,True,60.64888058027963,0,0
post_0201,0,4.428953254833158,187.88264149133332,0.19204701552675443,3.806591276880797,175.0799055412248,0.0010000000000000002,8.691306593947953e-10,693.1471805599451,True,169.00149204667966,0,0
post_0202,0,12.756552103747344,97.75678228083802,0.269687185903678,16.052457794577194,112.06569426373832,0.0010000000000000002,9.3158390200791,693.1471805599451,True,119.57547195834798,0,0
post_0203,0,1.8414643001506334,203.94298919776543,0.1665692135944688,1.5103476198323644,144.74711897228704,0.0010000000000000002,36.35614589204602,693.1471805599451,True,175.74180345270173,0,0
post_0204,0,13.151726418192595,20.663195011753714,0.2433270456986989,17.54372008477717,24.585515284043364,0.0010000000000000002,3.2686393141452528,693.1471805599451,True,27.33087438041916,0,0
post_0205,0,8.391612743087663,110.36813469749619,0.19173640159810917,10.430684086267592,110.7339771022785,0.0010000000000000002,10.238930832739344,693.1471805599451,True,117.8653437363706,0,0
post_0206,0,14.221147710996002,27.831898624131234,0.16748357409494624,16.166341915728996,31.534432190499512,0.0010000000000000002,2.8598138079656117,693.1471805599451,True,33.864780203865415,0,0
post_0207,0,18.595957133147646,170.7239083645455,0.33184062122436225,19.492297485581737,187.63540125864435,0.0010000000000000002,4.248577032464612,693.1471805599451,True,189.39110860792024,0,0
post_0208,0,6.59833182376401,97.34797901235295,0.2538949353761379,8.684485224118289,93.23890503768169,0.0010000000000000002,13.10256112814999,693.1471805599451,True,103.72568946874229,0,0
post_0209,0,8.016536717997662,382.3992352834231,0.34121559938824003,8.56689629564884,396.51475191032165,0.0010000000000000002,10.750039539229043,693.1471805599451,True,395.37162450032093,0,0
post_0210,0,18.73168831066495,99.85349379134179,0.14352694643258795,20.01376479727609,108.1808425361704,0.0010000000000000002,2.7106951216634196,693.1471805599451,True,108.97146412441634,0,0
post_0211,0,14.130910119264778,214.57131577218226,0.31993861641785204,16.09001172200644,244.09403082948137,0.0010000000000000002,7.401554912578491,693.1471805599451,True,245.4130712675655,0,0
post_0212,0,2.5271038464052755,13.523109548203905,0.34248115246228406,1.3686171410705288,8.227988725370334,0.0010000000000000002,3.9903322505393564,693.1471805599451,True,11.91321908998869,0,0
post_0213,0,19.064253709125378,86.8224550161886,0.22390523232497722,20.50515933713034,94.24855838899053,0.0010000000000000002,3.9554433972427434,693.1471805599451,True,96.72402333504301,0,0
post_0214,0,9.573345970488525,137.53378825653888,0.2845995947978025,8.983199480774939,134.55909995487264,0.0010000000000000002,3.0226392000745395,693.1471805599451,True,133.81539450546282,0,0
post_0215,0,14.953503395290285,142.65199204003366,0.19179527278456293,17.48021012238207,159.48476208715724,0.0010000000000000002,12.311892718594255,693.1471805599451,True,169.3331045489806,0,0
post_0216,0,17.928135678529877,306.85165592271073,0.10691483325536241,19.911488904084326,334.5055324988566,0.0010000000000000002,12.568669851807709,693.1471805599451,True,341.61869775555135,0,0
post_0217,0,10.983301782295014,83.75232257915677,0.2575585263264536,11.738899841577272,87.55108781180506,0.0010000000000000002,2.3941085191782716,693.1471805599451,True,87.56408885208812,0,0
post_0218,0,6.43085391282722,27.09349191439307,0.12416976890485273,7.810825282428788,26.193049664573206,0.0010000000000000002,4.321207663283712,693.1471805599451,True,29.708152220959004,0,0
post_0219,0,16.470651055328748,80.9286426965972,0.24197742628969277,18.20293116418448,89.51106323048987,0.0010000000000000002,4.245347998141062,693.1471805599451,True,91.89859724835095,0,0
post_0220,0,19.697704917527265,57.89551811546316,0.31449654902284924,21.242924877839506,65.96019090190632,0.0010000000000000002,4.455465628698911,693.1471805599451,True,69.17829126051195,0,0
post_0221,0,7.519642540517992,314.24839099636705,0.13564761628948183,7.521419964706771,328.71932598462274,0.0010000000000000002,2.9668300478830325,693.1471805599451,True,321.433445228865,0,0
post_0222,0,10.065982883892064,79.1207106196627,0.2089550560703357,11.435838251602123,90.33523533891405,0.0010000000000000002,6.746910294695565,693.1471805599451,True,94.75077259118846,0,0
post_0223,0,7.627490254846355,223.68572489519917,0.2543360497223549,10.321415858138586,243.97601617159555,0.0010000000000000002,24.550924173025365,693.1471805599451,True,262.17043612597917,0,0
post_0224,0,7.441445470663877,233.99491672467204,0.3061299022473917,7.508747610947904,220.51462722064048,0.0010000000000000022,7.830299360579603,693.1471805599438,True,221.40788247276504,0,0
post_0225,0,19.07055453668691,40.615271970157636,0.22306987172634946,20.316283549542256,44.45836450303816,0.0010000000000000002,2.3998689665043313,693.1471805599451,True,45.9486539432375,0,0
post_0226,0,1.9623842605174797,86.5078674439495,0.29711919254071273,0.8099988347557932,62.24838788244594,0.0010000000000000002,14.356405355174397,693.1471805599451,True,74.26826138367188,0,0
post_0227,0,12.374812742632319,280.10050373300686,0.15279114521883203,13.925680064866873,315.31518249414876,0.0010000000000000002,12.552201882883026,693.1471805599451,True,321.0352538090527,0,0
post_0228,0,2.285802539357359,175.9388509230638,0.08699679550443672,3.0310734909898596,133.29687191533864,0.0010000000000000002,30.016779670611445,693.1471805599451,True,158.8434180473048,0,0
post_0229,0,15.810115915094592,114.37369202784848,0.21549980541902797,17.569721441353888,119.81119257646367,0.0010000000000000002,6.218554898763141,693.1471805599451,True,123.67903397973427,0,0
post_0230,0,3.6860823157226394,54.263123798621066,0.27969558642360276,1.6157822993112816,47.37770510236201,0.0010000000000000002,1.236622326981616e-13,693.1471805599451,True,45.624157272299655,0,0
post_0231,0,3.2238249366030933,527.8074012759639,0.09649322575105583,3.477544815459622,470.6412978002262,0.0010000000000000002,48.16354459665245,693.1471805599451,True,502.3818284530448,0,0
post_0232,0,6.663231174607765,207.3812436293308,0.31256045348672595,7.99432983443694,217.5424600943229,0.0010000000000000002,14.935096998496663,693.1471805599451,True,225.8748178709338,0,0
post_0233,0,4.511020502335548,408.8687040324189,0.34331744845533924,5.978421873073832,394.1633737083347,0.0010000000000000002,45.44210721869863,693.1471805599451,True,426.8453363995397,0,0
post_0234,0,1.511250131470212,29.392135795211452,0.30424666332884454,2.564263524998947e-12,12.838431953035807,0.0010000000000116016,9.162777928035117,693.1471805519036,True,21.505468929576008,0,0
post_0235,0,12.083271720712494,44.19163293147071,0.12477063386161405,13.857306011399164,43.17675243719205,0.0010000000000000002,4.68435105505095,693.1471805599451,True,46.89257902059113,0,0
post_0236,0,10.796532639230946,118.15086441901796,0.11111476574862067,12.42551778905372,129.47482343386545,0.0010000000000000002,5.121713841070891,693.1471805599451,True,131.22720512146748,0,0
post_0237,0,16.09318234113774,95.28620585882912,0.33430665259691356,18.11062959841661,102.47163176033641,0.0010000000000000002,6.225919329196512,693.1471805599451,True,106.6011191226782,0,0
post_0238,0,12.43811456674719,102.3153985361815,0.24359888828383108,15.127052352440156,113.67212421953916,0.0010000000000000002,6.818043530852697,693.1471805599451,True,118.05558928931846,0,0
post_0239,0,7.165428960752209,255.4434226584373,0.3414773989489713,8.438584819205206,236.9829433625553,0.0010000000000000002,22.103067684109153,693.1471805599451,True,252.1529882031336,0,0
post_0240,0,7.4403421736747255,112.43770012718022,0.08625216406903952,8.441289439405878,117.90004654769612,0.0010000000000000052,7.563524714469525,693.1471805599417,True,121.92104599632853,0,0
post_0241,0,5.758096324125706,109.13027367535202,0.32219493389020243,5.71733652587835,111.99861087143157,0.0010000000000000002,2.1439226925862602,693.1471805599451,True,110.47437502598157,0,0
post_0242,0,3.610674032503235,268.52087507892827,0.13162345956886345,2.762978859580844,257.72160244312835,0.0010000000000000002,1.059169856923209e-11,693.1471805599451,True,248.46556825986113,0,0
post_0243,0,1.2935393176515535,188.7973555566821,0.1295267705600971,1.6370516450522385,141.82279634937174,0.0010000000000000002,30.748543367592923,693.1471805599451,True,167.3292891425176,0,0
post_0244,0,10.148855976446335,170.643733293294,0.22029813081197158,12.170918758474697,195.27800622357498,0.0010000000000000002,12.055863426838295,693.1471805599451,True,202.0538298608734,0,0
post_0245,0,18.482282004752605,14.541371692411246,0.29423181783878166,20.425085147102735,16.487430941125165,0.0010000000000000002,1.6998785012638407,693.1471805599451,True,17.932370182798792,0,0
post_0246,0,1.3152998144910288,32.288092124661986,0.18414420824996752,0.3925360389727436,18.503013181199513,0.0010000000000000002,9.706813970119509,693.1471805599451,True,27.50867226701441,0,0
post_0247,0,6.656753821774438,56.519451304070884,0.1659392664710839,10.398632780802929,57.80273370773345,0.0010000000000000002,9.771735576282572,693.1471805599451,True,66.0213934753927,0,0
post_0248,0,7.1021757993608245,438.68007031266177,0.17116289945404883,8.69935532295907,426.2800029209677,0.0010000000000000002,33.067986547967315,693.1471805599451,True,446.6621420199106,0,0
post_0249,0,10.592081317185306,47.68721709950613,0.2873199905511225,12.823576910151987,56.510136270002576,0.0010000000000000002,2.3913982754980956,693.1471805599451,True,57.36971106824868,0,0
post_0250,0,18.351751467216044,38.566465328690285,0.14444721557467566,20.025963148795963,41.38992158027239,0.0010000000000000002,1.2049486911483978,693.1471805599451,True,42.087195354703674,0,0
post_0251,0,2.4176259779378544,64.85260235862714,0.13859358872661173,2.8485057944550563,59.82874645439864,0.0010000000000000002,4.090996020034168,693.1471805599451,True,61.776989757675466,0,0
post_0252,0,6.922509414807387,88.34994011045279,0.3222159939464805,9.05778123144802,93.97424654432808,0.0010000000000000002,10.97469826134573,693.1471805599451,True,102.29291508863218,0,0
post_0253,0,1.9493261051975115,85.65117303721226,0.2624300572297437,0.33019556969812,56.97266222307021,0.0010000000000000002,8.744432442590913,693.1471805599451,True,63.555572036087426,0,0
post_0254,0,16.789414287147572,190.6519403988506,0.14410628939099362,18.56238851465449,202.94333871866212,0.0010000000000000002,8.946163282978464,693.1471805599451,True,209.088956933455,0,0
post_0255,0,1.8637101220547145,50.45177744344448,0.13787085131455745,1.523823685916267,43.24766673564745,0.0010000000000000002,4.794703591284456,693.1471805599451,True,46.44083321542091,0,0
post_0256,0,15.778143973880344,101.32198150116767,0.14262984831049086,17.26936027585419,110.77762000935768,0.0010000000000000002,4.768051565810283,693.1471805599451,True,113.78377111389081,0,0
post_0257,0,15.356613460986374,197.05655210935478,0.32273689978759,17.645261807745136,220.76287311343816,0.0010000000000000002,13.22381139953342,693.1471805599451,True,229.86255981277313,0,0
post_0258,0,3.819075367981463,210.86449425129646,0.3473879897389531,4.157969849685887,181.66408101708018,0.0010000000000000002,28.71494149114943,693.1471805599451,True,204.31046902908454,0,0
post_0259,0,5.7257264206645395,137.58684416885217,0.33239696172617506,5.910366556740599,129.56872724250078,0.0010000000000000002,6.856373961572142,693.1471805599451,True,132.2580536995312,0,0
post_0260,0,18.485467513897728,254.38977621768737,0.11002012036433663,19.90507687571911,293.8589578525252,0.0010000000000000002,8.100085379868565,693.1471805599451,True,298.54783939998305,0,0
post_0261,0,11.038053637494626,88.79361028056296,0.11442467937681264,11.78390681069138,87.55547639497279,0.0010000000000000002,4.713314447110197,693.1471805599451,True,90.02976750890375,0,0
post_0262,0,11.209668245763305,194.74442440220946,0.30011979507540926,13.24439814873865,206.91092799046933,0.0010000000000000002,13.978823457478166,693.1471805599451,True,215.93900058476154,0,0
post_0263,0,6.007723446535938,53.84139232885224,0.3280696496210478,8.967649245313103,50.112362175576806,0.0010000000000000002,11.331488897181199,693.1471805599451,True,60.07878949813792,0,0
post_0264,0,15.550172835824377,57.256294005862706,0.1816247150725742,18.974155581671646,63.43212177870214,0.0010000000000000002,5.670956960621426,693.1471805599451,True,67.96318281004737,0,0
post_0265,0,19.02462259562048,135.7646985076356,0.25872795980389196,19.74942216992517,146.28587965981316,0.0010000000000000002,5.101900996940843,693.1471805599451,True,149.5918051663196,0,0
post_0266,0,10.459087634671807,75.75589043502367,0.20329317665174929,11.385823481072038,75.7720561616277,0.0010000000000000002,3.579828918949723,693.1471805599451,True,77.25794291283891,0,0
post_0267,0,8.88957466550588,65.10585612280217,0.24687426564410714,11.731457965004388,69.63670096503007,0.0010000000000000002,8.024938341055025,693.1471805599451,True,76.04303171964483,0,0
post_0268,0,10.027781703980034,70.88283649216324,0.3151583183254361,10.274299492071785,76.56674871603127,0.0010000000000000002,2.419576187257906,693.1471805599451,True,77.00874991041351,0,0
post_0269,0,7.8130000862641324,50.47227486232683,0.1822301691688903,10.105191257473209,49.710137641685535,0.0010000000000000002,7.984853915476538,693.1471805599451,True,56.43145602341941,0,0
post_0270,0,19.423494844544628,60.38544960179271,0.2021869506007039,21.108080556332794,67.48820921489393,0.0010000000000000002,4.209833063147326,693.1471805599451,True,70.67996424174639,0,0
post_0271,0,9.508915034778289,99.7293185101633,0.08622695215450575,11.167735050558765,101.20520580111858,0.0010000000000000002,8.811385603963343,693.1471805599451,True,107.3751398111731,0,0
post_0272,0,19.24328685726009,138.83582581227955,0.1173394004377534,21.79948118703011,154.8930154758351,0.0010000000000000002,10.591772398392903,693.1471805599451,True,164.86836865712016,0,0
post_0273,0,2.8568488391345097,52.10851608017267,0.1084807591930342,3.5625779982974364,38.503158185450424,0.0010000000000000033,10.418668793790156,693.147180559943,True,47.6222578083724,0,0
post_0274,0,15.505572283810858,31.421642314529876,0.34842689560780354,17.221088385639728,34.390432363930074,0.0010000000000000002,3.3106009956398794,693.1471805599451,True,37.054785530813064,0,0
post_0275,0,12.29204544526755,79.6184411299184,0.21521913726459124,13.027372951257552,83.16148605610819,0.0010000000000000002,4.232844429948564,693.1471805599451,True,85.39203394909593,0,0
post_0276,0,7.649782629937882,135.4123835331694,0.09466055040150756,8.118082824584526,138.22662615294195,0.0010000000000000093,5.369169068421436,693.1471805599388,True,139.36019537080335,0,0
post_0277,0,4.411307929594819,137.00587156145994,0.19958493567589206,6.027379586745869,130.99592050183756,0.0010000000000000497,16.699083408288935,693.1471805599109,True,143.44572738028728,0,0
post_0278,0,13.031453284387494,100.88821060222043,0.09662360187438286,13.81728735685721,104.4196409936314,0.0010000000000000002,5.905074368245902,693.1471805599451,True,108.64990869419,0,0
post_0279,0,15.360979500564733,122.66031071493992,0.11454065485231961,17.26057297911431,136.51009802760274,0.0010000000000000002,8.574636308158176,693.1471805599451,True,142.7156622282782,0,0
post_0280,0,18.14084970925354,59.090378947115106,0.10083249457625848,19.537011389320178,67.19659819860487,0.0010000000000000002,3.4652278890862256,693.1471805599451,True,69.52560298150063,0,0
post_0281,0,10.556548283373681,112.31260254856062,0.11069833187558614,12.784168024037221,123.57763385252277,0.0010000000000000002,8.549382750958486,693.1471805599451,True,129.0147979831644,0,0
post_0282,0,15.497531667291515,237.77572328722079,0.29745031166609054,17.595008328730213,258.6753963799589,0.0010000000000000002,15.099411248921433,693.1471805599451,True,270.8957272429121,0,0
post_0283,0,6.48203779540407,93.29390856866979,0.2874101942276272,8.737702186424706,90.70072333785009,0.0010000000000000002,11.314799838452569,693.1471805599451,True,99.38193653364785,0,0
post_0284,0,15.989444663516558,41.85093263958787,0.1813239353890383,19.60450663982823,52.20798123885594,0.0010000000000000002,5.172998915412958,693.1471805599451,True,56.671876017993945,0,0
post_0285,0,19.632893547855037,212.18456314577182,0.21749785350633377,21.94762982386097,242.12712402380544,0.0010000000000000002,9.865713225197728,693.1471805599451,True,249.79141888124883,0,0
post_0286,0,10.203660713066363,29.04368089217321,0.2298761206835706,11.454032951829019,29.455951148041212,0.0010000000000000002,2.9993483516432518,693.1471805599451,True,31.75882411356666,0,0
post_0287,0,6.147072953205409,80.05259060552517,0.30668067198437754,5.701025076215805,80.64567587543706,0.0010000000000000002,3.6246681082088097,693.1471805599451,True,81.6420385195127,0,0
post_0288,0,14.242584248232058,87.76435308234319,0.08118933183372416,15.861113249038876,97.98122011131929,0.0010000000000000002,7.396071174674386,693.1471805599451,True,104.1350579856994,0,0
post_0289,0,10.201082479121085,56.450063555572925,0.12385770538159037,11.199144668326404,63.200914474484875,0.0010000000000000002,3.499097713486658,693.1471805599451,True,64.91488290673784,0,0
post_0290,0,2.268188531652572,40.265953122488085,0.2092784372436527,1.5765257059226052,27.16100435703159,0.0010000000000000002,6.757715677173957,693.1471805599451,True,32.91492660721018,0,0
post_0291,0,16.103703171071917,121.0398601427267,0.3227118274740242,17.78148820391601,132.2078428138012,0.0010000000000000002,4.800444293428418,693.1471805599451,True,134.39183143134844,0,0
post_0292,0,17.090034551791966,244.64573189316891,0.20936521776732575,18.606424385933828,265.43671440564793,0.0010000000000000002,7.0691707870475495,693.1471805599451,True,267.47086557801936,0,0
post_0293,0,18.437190495729872,33.38204955643373,0.21596862158273578,20.01456239023136,37.971145416564966,0.0010000000000000002,2.1474211933271925,693.1471805599451,True,39.37963877040858,0,0
post_0294,0,9.022142189286212,34.4065953098135,0.2676357666679248,10.424737970484419,34.04890352364909,0.001000000000000002,4.545902043826829,693.1471805599439,True,37.67809419352051,0,0
post_0295,0,4.681922817539005,162.88144946929458,0.13972326859646234,5.81317533081778,156.72635893904808,0.0010000000000000002,18.070629477003347,693.1471805599451,True,169.72818730499915,0,0
post_0296,0,8.090402818150693,252.05927842374038,0.2291799965404972,10.014285236097724,249.50277142813036,0.0010000000000000002,30.379451434757073,693.1471805599451,True,273.2330129227565,0,0
post_0297,0,18.979598214163587,59.27149383859743,0.2205512511115525,21.18940229226508,66.02728829819242,0.0010000000000000002,5.871955972691551,693.1471805599451,True,70.91421312038048,0,0
post_0298,0,17.168030641262167,34.62925901189184,0.10250479825263398,18.21620899833196,37.7118100367491,0.0010000000000000002,1.9729394637728583,693.1471805599451,True,39.18707436160854,0,0
post_0299,0,16.885327067305766,19.164537720542477,0.21180663210799855,18.70657626012727,19.006065197727445,0.0010000000000000002,4.393906951951226,693.1471805599451,True,23.097709178541887,0,0
